Customer Id,Department
DD37Cf93aecA6Dc,Maintenance Department
1Ef7b82A4CAAD10,Human Resource Department
6F94879bDAfE5a6,Finance Department
5Cef8BFA16c5e3c,Dispatch Department
053d585Ab6b3159,Finance Department
2d08FB17EE273F4,Human Resource Department
EA4d384DfDbBf77,Dispatch Department
0e04AFde9f225dE,Development Department
C2dE4dEEc489ae0,Proposals Department
8C2811a503C7c5a,Maintenance Department
216E205d6eBb815,Development Department
CEDec94deE6d69B,Dispatch Department
e35426EbDEceaFF,Account Department
A08A8aF8BE9FaD4,Account Department
6fEaA1b7cab7B6C,Designing Department
8cad0b4CBceaeec,Maintenance Department
a5DC21AE3a21eaA,Designing Department
F8Aa9d6DfcBeeF8,Finance Department
F160f5Db3EfE973,Proposals Department
0F60FF3DdCd7aB0,Maintenance Department
9F9AdB7B8A6f7F2,Finance Department
FBd0Ded4F02a742,Human Resource Department
2FB0FAA1d429421,Information Technology Department
010468dAA11382c,Information Technology Department
eC1927Ca84E033e,Dispatch Department
09D7D7C8Fe09aea,Finance Department
aBdfcF2c50b0bfD,Designing Department
b92EBfdF8a3f0E6,Designing Department
3B5dAAFA41AFa22,Designing Department
EDA69ca7a6e96a2,Human Resource Department
64DCcDFaB9DFd4e,Human Resource Department
679c6c83DD872d6,Finance Department
7Ce381e4Afa4ba9,Account Department
A09AEc6E3bF70eE,Designing Department
aA9BAFfBc3710fe,Development Department
E11dfb2DB8C9f72,Maintenance Department
889eCf90f68c5Da,Information Technology Department
7a1Ee69F4fF4B4D,Designing Department
dca4f1D0A0fc5c9,Proposals Department
17aD8e2dB3df03D,Proposals Department
2f79Cd309624Abb,Maintenance Department
6e5ad5a5e2bB5Ca,Account Department
7E441b6B228DBcA,Maintenance Department
D3fC11A9C235Dc6,Dispatch Department
30Dfa48fe5Ede78,Dispatch Department
fD780ED8dbEae7B,Maintenance Department
300A40d3ce24bBA,Maintenance Department
283DFCD0Dba40aF,Finance Department
F4Fc91fEAEad286,Designing Department
80F33Fd2AcebF05,Dispatch Department
Aa20BDe68eAb0e9,Information Technology Department
e898eEB1B9FE22b,Finance Department
faCEF517ae7D8eB,Finance Department
c09952De6Cda8aA,Finance Department
f3BEf3Be028166f,Information Technology Department
C6F2Fc6a7948a4e,Dispatch Department
c8FE57cBBdCDcb2,Information Technology Department
B5acdFC982124F2,Account Department
8c7DdF10798bCC3,Maintenance Department
C681dDd0cc422f7,Human Resource Department
a940cE42e035F28,Account Department
9Cf5E6AFE0aeBfd,Proposals Department
aEcbe5365BbC67D,Maintenance Department
FCBdfCEAe20A8Dc,Dispatch Department
636cBF0835E10ff,Maintenance Department
fF1b6c9E8Fbf1ff,Maintenance Department
2A13F74EAa7DA6c,Dispatch Department
a014Ec1b9FccC1E,Maintenance Department
421a109cABDf5fa,Finance Department
CC68FD1D3Bbbf22,Development Department
CBCd2Ac8E3eBDF9,Proposals Department
Ef859092FbEcC07,Proposals Department
F560f2d3cDFb618,Account Department
A3F76Be153Df4a3,Maintenance Department
D01Af0AF7cBbFeA,Development Department
d40e89dCade7b2F,Human Resource Department
BF6a1f9bd1bf8DE,Finance Department
FfaeFFbbbf280db,Dispatch Department
CbAE1d1e9a8dCb1,Development Department
A7F85c1DE4dB87f,Proposals Department
D6CEAfb3BDbaa1A,Maintenance Department
Ebdb6F6F7c90b69,Account Department
E8E7e8Cfe516ef0,Proposals Department
78C06E9b6B3DF20,Dispatch Department
03A1E62ADdeb31c,Development Department
C6763c99d0bd16D,Proposals Department
ebe77E5Bf9476CE,Account Department
E4Bbcd8AD81fC5f,Designing Department
efeb73245CDf1fF,Information Technology Department
37Ec4B395641c1E,Finance Department
5ef6d3eefdD43bE,Dispatch Department
98b3aeDcC3B9FF3,Dispatch Department
aAb6AFc7AfD0fF3,Designing Department
54B5B5Fe9F1B6C5,Account Department
BE91A0bdcA49Bbc,Maintenance Department
cb8E23e48d22Eae,Designing Department
CeD220bdAaCfaDf,Proposals Department
28CDbC0dFe4b1Db,Development Department
c23d1D9EE8DEB0A,Information Technology Department
2354a0E336A91A1,Finance Department
